id,name,organization_id,alternate_name,description,transportation,latitude,longitude
1,Florida,0084,Florida,non ligula pellentesque ultrices phasellus,Shuttle,-7.6469193,112.8999225
2,Florida,0084,Florida,luctus et ultrices posuere cubilia,Bus,22.3380865,104.1487055
3,Columbus,2389,Columbus,vel lectus in,Drive,-7.5625591,107.7873095
4,Texas,97,Texas,quis turpis,Walk,41.6401662,-0.8832371
5,Indiana,97,Indiana,ante ipsum,Train,-6.5864219,106.7441048
6,Green Bay,97,Green Bay,id consequat in consequat,Bus,54.311687,-130.3293111
7,Florida,97,Florida,nisi at nibh in hac,Bus,18.50831,109.277378
8,Ohio,5124,Ohio,nec dui luctus,Bus,-7.280135,112.6347636
9,Long Beach,0084,Long Beach,consequat nulla nisl nunc,Drive,47.0602152,37.3087599
10,California,2389,California,quis lectus suspendisse potenti in,Shuttle,22.270978,113.576677
11,Florida,97,Florida,libero nam dui proin,Drive,48.5267938,2.5096455
12,Peoria,5124,Peoria,dui proin,Shuttle,-5.1734862,105.1990045
13,District of Columbia,97,District of Columbia,turpis eget elit sodales,Shuttle,-38.7589114,-62.2749967
14,Florida,5124,Florida,ante ipsum primis in,Walk,-0.1806532,-78.4678382
15,Honolulu,0084,Honolulu,turpis nec,Shuttle,15.8359591,104.4024704
16,Alabama,0084,Alabama,elementum nullam varius,Shuttle,-30.6357648,-67.4658213
17,Illinois,0084,Illinois,id nulla ultrices aliquet maecenas,Drive,-8.2637032,113.5371368
18,Palm Bay,5124,Palm Bay,nunc viverra dapibus nulla,Drive,52.60628,18.9012899
19,Nevada,2389,Nevada,viverra dapibus nulla suscipit ligula,Drive,-7.7794,114.2878
20,Florida,2389,Florida,elementum eu interdum eu tincidunt,Train,10.04208,11.21814
21,Bellevue,2389,Bellevue,dui maecenas tristique,Walk,-6.205673,106.3081194
22,Indiana,97,Indiana,nibh in,Shuttle,40.4407041,19.8451169
23,Florida,5124,Florida,donec pharetra,Bus,6.948262,3.5079264
24,Jersey City,0084,Jersey City,pellentesque quisque porta,Walk,59.3297318,18.0704829
25,California,0084,California,curae duis,Drive,-26.8193949,-65.1435685
26,Florida,2389,Florida,purus sit,Train,-14.68055,-69.534882
27,Dallas,97,Dallas,suscipit nulla elit,Drive,2.100305,101.642899
28,Pennsylvania,97,Pennsylvania,consequat dui nec nisi volutpat,Walk,12.4985661,4.6424521
29,Kansas,2389,Kansas,magna bibendum,Drive,35.3772103,36.1328132
30,Orlando,97,Orlando,pulvinar nulla pede ullamcorper,Train,33.437877,113.609286
31,New York,2389,New York,lacinia erat vestibulum sed,Drive,53.6362335,72.3382061
32,District of Columbia,5124,District of Columbia,blandit non interdum in ante,Bus,29.7905037,72.1747127
33,Anchorage,0084,Anchorage,nunc purus phasellus in,Bus,42.4762027,20.2775059
34,Texas,97,Texas,at ipsum ac tellus semper,Shuttle,33.298364,111.482591
35,Texas,2389,Texas,sed augue,Walk,49.0424573,89.4350462
36,Lincoln,0084,Lincoln,elementum eu interdum,Walk,30.9541295,20.1194129
37,Florida,2389,Florida,faucibus orci luctus,Train,46.4457008,134.3078003
38,Minnesota,97,Minnesota,nunc nisl duis bibendum,Walk,-25.1042007,-65.5381671
39,Wilkes Barre,0084,Wilkes Barre,ligula nec sem duis aliquam,Shuttle,18.0193171,-76.9758274
40,Pennsylvania,2389,Pennsylvania,curae mauris viverra diam vitae,Walk,51.0935791,-115.3508611
41,Michigan,2389,Michigan,pharetra magna,Bus,40.73192,72.76177
42,Portsmouth,2389,Portsmouth,ligula pellentesque ultrices phasellus id,Walk,46.33854,124.04539
43,Colorado,97,Colorado,quisque erat,Drive,-7.0058265,107.6306684
44,Texas,0084,Texas,rutrum at lorem,Shuttle,58.0537462,27.0548658
45,Stockton,2389,Stockton,magna vulputate luctus cum,Walk,11.1649219,-4.3051542
46,Michigan,0084,Michigan,molestie nibh in lectus,Drive,55.747854,37.7783839
47,Texas,0084,Texas,pede malesuada in,Shuttle,48.8922474,26.8603864
48,Lancaster,97,Lancaster,amet lobortis sapien sapien,Walk,-2.7195658,120.2628111
49,Missouri,5124,Missouri,neque vestibulum eget vulputate ut,Shuttle,44.3244029,-79.7007211
50,North Carolina,2389,North Carolina,natoque penatibus et magnis dis,Bus,55.6042276,37.4919828
51,Port Washington,0084,Port Washington,lacus morbi sem,Drive,35.883899,139.5233661
52,New York,0084,New York,velit eu est,Shuttle,29.743828,122.108265
53,Kansas,2389,Kansas,ipsum primis in faucibus orci,Drive,51.463,104.6425
54,Boca Raton,2389,Boca Raton,posuere cubilia curae,Shuttle,56.166667,107.433333
55,Rhode Island,5124,Rhode Island,morbi non quam nec dui,Walk,-8.2010401,114.9739344
56,Nevada,5124,Nevada,volutpat convallis morbi odio,Walk,35.6643,101.818401
57,Philadelphia,97,Philadelphia,volutpat convallis morbi,Shuttle,46.6187667,31.5387942
58,California,2389,California,lobortis est phasellus,Drive,50.4466097,18.1077046
59,California,0084,California,montes nascetur ridiculus mus etiam,Shuttle,41.9250632,25.5508839
60,Brooklyn,5124,Brooklyn,sapien dignissim,Shuttle,-25.4809333,-64.9751483
61,Texas,2389,Texas,quam fringilla rhoncus mauris enim,Shuttle,26.893368,112.572018
62,Kansas,97,Kansas,felis donec,Shuttle,13.767897,100.5009637
63,Decatur,97,Decatur,id massa id nisl,Train,-8.370899,123.7014716
64,California,97,California,quam fringilla rhoncus mauris enim,Drive,41.4981839,-8.3569915
65,New York,0084,New York,morbi porttitor lorem id,Walk,-23.4554707,-52.0423373
66,Milwaukee,2389,Milwaukee,faucibus cursus urna,Drive,39.00366,117.710496
67,District of Columbia,5124,District of Columbia,ipsum primis,Train,24.102499,115.317446
68,California,97,California,ante vel ipsum,Train,10.3043903,104.6354631
69,Colorado Springs,97,Colorado Springs,adipiscing molestie hendrerit at vulputate,Bus,14.5919106,121.0228804
70,Missouri,97,Missouri,curabitur gravida nisi at,Bus,22.803694,108.3323803
71,Oklahoma,97,Oklahoma,maecenas ut,Walk,59.4527156,18.091186
72,Fresno,5124,Fresno,sollicitudin vitae,Bus,8.6427567,124.770152
73,Florida,5124,Florida,ligula pellentesque ultrices phasellus id,Train,23.9211737,-106.8915948
74,Indiana,97,Indiana,mauris morbi non lectus,Walk,48.1944728,25.9320036
75,Jacksonville,97,Jacksonville,posuere metus,Bus,54.7669,-111.96861
76,California,0084,California,odio in hac,Bus,14.6279122,121.0034428
77,New York,97,New York,tortor quis turpis sed ante,Train,9.0039801,-75.3645369
78,Toledo,5124,Toledo,eget elit,Shuttle,50.6694072,15.9132421
79,Oregon,2389,Oregon,dui nec,Bus,8.8702881,-79.810063
80,Florida,2389,Florida,id consequat in consequat,Shuttle,-8.5157998,116.1315116
81,Los Angeles,5124,Los Angeles,diam neque vestibulum eget,Drive,43.5561243,77.9995589
82,Florida,2389,Florida,eget orci vehicula condimentum curabitur,Drive,43.9072222,87.4741667
83,Virginia,97,Virginia,risus semper porta,Train,-0.3462421,112.5245093
84,Washington,2389,Washington,sit amet justo,Bus,28.739865,106.720976
85,Georgia,2389,Georgia,erat eros viverra eget,Bus,-6.9770646,111.7465609
86,Texas,5124,Texas,morbi sem mauris laoreet ut,Bus,-26.7376205,-49.1743626
87,Minneapolis,2389,Minneapolis,tempor turpis nec euismod scelerisque,Bus,48.4089744,135.123385
88,Oregon,2389,Oregon,pretium quis lectus,Drive,5.0549877,-75.6789905
89,Oregon,0084,Oregon,posuere cubilia curae nulla,Train,33.30992,108.307889
90,Memphis,0084,Memphis,neque aenean auctor,Bus,13.4817182,-86.4920736
91,Texas,0084,Texas,ridiculus mus vivamus vestibulum,Drive,8.5493413,-71.2428737
92,New York,5124,New York,massa donec,Drive,45.1181926,21.2944883
93,Anderson,97,Anderson,convallis duis,Shuttle,50.300542,2.801689
94,Illinois,0084,Illinois,ligula suspendisse,Drive,-7.0251813,111.3202736
95,North Carolina,2389,North Carolina,erat quisque erat eros,Bus,40.7813001,19.8440006
96,Chicago,0084,Chicago,interdum venenatis turpis,Drive,-8.5300312,116.1950214
97,Indiana,2389,Indiana,luctus et ultrices posuere cubilia,Drive,49.7523172,18.1313741
98,Florida,2389,Florida,rhoncus mauris enim leo rhoncus,Bus,37.6796771,68.8347313
99,Tuscaloosa,97,Tuscaloosa,nulla dapibus,Drive,-6.8732784,107.5993373
100,California,2389,California,nibh quisque id,Shuttle,-7.0795248,109.0869316
