id,name,description,email,url,year_incorporated
2389,American University,Cum sociis natoque penatibus et magnis dis parturient montes nascetur ridiculus mus. Etiam vel augue.,tellse0@gizmodo.com,omniture.com,4/13/1988
0084,College of Social Work,Lorem ipsum dolor sit amet consectetuer adipiscing elit.,gcrownshaw1@newsvine.com,intel.com,12/26/1982
97,Missouri Western State College,Proin at turpis a pede posuere nonummy. Integer non velit.,dtommasuzzi2@kickstarter.com,cpanel.net,1/23/1962
5124,Philippe Community College,Maecenas ut massa quis augue luctus tincidunt.,hjahnel3@sfgate.com,statcounter.com,5/10/1961
