id,location_id,address,city,state,postal_code,country
1,1,5465 Truax Road,Tampa,Florida,33605,US
2,2,115 Carey Place,Daytona Beach,Florida,32118,US
3,3,80130 Manufacturers Trail,Columbus,Ohio,43240,US
4,4,7 Sullivan Avenue,Galveston,Texas,77554,US
5,5,611 Muir Place,Indianapolis,Indiana,46226,US
6,6,7566 Badeau Place,Green Bay,Wisconsin,54305,US
7,7,79267 Elgar Plaza,Tampa,Florida,33615,US
8,8,0265 Reinke Parkway,Cincinnati,Ohio,45228,US
9,9,8 Shoshone Plaza,Long Beach,California,90847,US
10,10,85637 Corben Parkway,Newport Beach,California,92662,US
11,11,6 Gerald Lane,Lakeland,Florida,33811,US
12,12,5 Northwestern Drive,Peoria,Illinois,61614,US
13,13,3 Stuart Parkway,Washington,District of Columbia,20425,US
14,14,8379 Dapin Avenue,Port Saint Lucie,Florida,34985,US
15,15,7 Golf View Road,Honolulu,Hawaii,96810,US
16,16,12 5th Lane,Montgomery,Alabama,36177,US
17,17,06665 Rigney Junction,Rockford,Illinois,61110,US
18,18,5 Dexter Place,Palm Bay,Florida,32909,US
19,19,19519 Sundown Pass,Sparks,Nevada,89436,US
20,20,87 Schmedeman Way,Lakeland,Florida,33811,US
21,21,0095 Claremont Alley,Bellevue,Washington,98008,US
22,22,2192 Pankratz Pass,Indianapolis,Indiana,46239,US
23,23,73 Graedel Avenue,Saint Petersburg,Florida,33705,US
24,24,036 Reindahl Way,Jersey City,New Jersey,07310,US
25,25,948 Maple Wood Way,Los Angeles,California,90050,US
26,26,21 Doe Crossing Parkway,Ocala,Florida,34479,US
27,27,6576 Hallows Point,Dallas,Texas,75221,US
28,28,797 Mandrake Street,Bethlehem,Pennsylvania,18018,US
29,29,89748 Rieder Point,Kansas City,Kansas,66160,US
30,30,75598 Harbort Avenue,Orlando,Florida,32803,US
31,31,209 Crest Line Plaza,Brooklyn,New York,11254,US
32,32,1533 Anhalt Junction,Washington,District of Columbia,20370,US
33,33,4 Lakewood Avenue,Anchorage,Alaska,99512,US
34,34,051 Dennis Hill,Houston,Texas,77271,US
35,35,4 Melvin Avenue,San Antonio,Texas,78235,US
36,36,9859 Ilene Street,Lincoln,Nebraska,68505,US
37,37,7866 7th Lane,Melbourne,Florida,32919,US
38,38,967 Mccormick Parkway,Minneapolis,Minnesota,55436,US
39,39,51714 Golf Course Road,Wilkes Barre,Pennsylvania,18768,US
40,40,45856 Russell Court,Philadelphia,Pennsylvania,19184,US
41,41,7 Karstens Street,Lansing,Michigan,48912,US
42,42,40787 Rutledge Avenue,Portsmouth,New Hampshire,03804,US
43,43,7767 Homewood Place,Aurora,Colorado,80044,US
44,44,06 Evergreen Terrace,Longview,Texas,75605,US
45,45,9033 Village Hill,Stockton,California,95219,US
46,46,87071 Carioca Center,Detroit,Michigan,48275,US
47,47,891 Brickson Park Road,Fort Worth,Texas,76147,US
48,48,6156 Di Loreto Lane,Lancaster,California,93584,US
49,49,382 Eagan Terrace,Columbia,Missouri,65211,US
50,50,652 Onsgard Place,Winston Salem,North Carolina,27105,US
51,51,8 Melby Way,Port Washington,New York,11054,US
52,52,9 Pleasure Terrace,Brooklyn,New York,11215,US
53,53,44847 Summer Ridge Park,Shawnee Mission,Kansas,66220,US
54,54,75 Cardinal Lane,Boca Raton,Florida,33432,US
55,55,46 Debs Plaza,Providence,Rhode Island,02912,US
56,56,28750 Shasta Circle,Reno,Nevada,89505,US
57,57,43 Linden Parkway,Philadelphia,Pennsylvania,19131,US
58,58,0920 Sloan Road,Sacramento,California,94297,US
59,59,352 6th Park,Huntington Beach,California,92648,US
60,60,162 Little Fleur Road,Brooklyn,New York,11236,US
61,61,0 Lakewood Center,Denton,Texas,76205,US
62,62,5661 Hayes Pass,Topeka,Kansas,66622,US
63,63,51478 Cascade Point,Decatur,Georgia,30033,US
64,64,09 Bobwhite Hill,Orange,California,92668,US
65,65,4193 Mesta Plaza,Syracuse,New York,13251,US
66,66,9307 Calypso Place,Milwaukee,Wisconsin,53225,US
67,67,92 Lindbergh Road,Washington,District of Columbia,20456,US
68,68,47800 Jana Park,San Francisco,California,94169,US
69,69,09191 Lakeland Road,Colorado Springs,Colorado,80930,US
70,70,22156 Fairview Drive,Jefferson City,Missouri,65110,US
71,71,48 Tennessee Court,Oklahoma City,Oklahoma,73190,US
72,72,7655 Dawn Way,Fresno,California,93704,US
73,73,8 Starling Road,Fort Myers,Florida,33906,US
74,74,15061 Garrison Plaza,Evansville,Indiana,47732,US
75,75,216 Independence Pass,Jacksonville,Florida,32255,US
76,76,8 Grayhawk Center,Sacramento,California,95894,US
77,77,5341 Anniversary Parkway,Albany,New York,12262,US
78,78,15504 Tony Court,Toledo,Ohio,43615,US
79,79,4 Forster Hill,Portland,Oregon,97211,US
80,80,471 Autumn Leaf Street,Sarasota,Florida,34238,US
81,81,8 Morrow Parkway,Los Angeles,California,90030,US
82,82,1 Dovetail Pass,Saint Petersburg,Florida,33737,US
83,83,6 Eastwood Way,Richmond,Virginia,23220,US
84,84,97041 Farmco Street,Washington,District of Columbia,20530,US
85,85,72 Glacier Hill Point,Columbus,Georgia,31914,US
86,86,34065 Lighthouse Bay Lane,Killeen,Texas,76544,US
87,87,70 Ridge Oak Crossing,Minneapolis,Minnesota,55407,US
88,88,5 Eastlawn Terrace,Eugene,Oregon,97405,US
89,89,8 Springview Road,Portland,Oregon,97206,US
90,90,0 Eastlawn Avenue,Memphis,Tennessee,38114,US
91,91,39 Mifflin Point,San Angelo,Texas,76905,US
92,92,58 Village Pass,Albany,New York,12242,US
93,93,36 Autumn Leaf Plaza,Anderson,South Carolina,29625,US
94,94,86 Michigan Plaza,Peoria,Illinois,61635,US
95,95,0 Northview Point,Charlotte,North Carolina,28225,US
96,96,810 Moose Crossing,Chicago,Illinois,60686,US
97,97,9607 Eagle Crest Point,Jeffersonville,Indiana,47134,US
98,98,48 Di Loreto Trail,Daytona Beach,Florida,32118,US
99,99,51823 Homewood Hill,Tuscaloosa,Alabama,35487,US
100,100,2 Melvin Avenue,Sacramento,California,94286,US
