id,cip,organization_id,name,alternate_name,on_etpl
1,120401,2389,Sales,Sales,NO
2,520999,0084,Research and Development,Research and Development,PENDING
3,150000,97,Services,Services,NO
4,150101,5124,Training,Training,PENDING
5,310501,2389,Training,Training,NO
6,151302,0084,Sales,Sales,PENDING
7,520201,97,Product Management,Product Management,YES
8,110901,5124,Business Development,Business Development,PENDING
9,510904,2389,Marketing,Marketing,YES
10,510707,0084,Legal,Legal,YES
11,110901,97,Human Resources,Human Resources,YES
12,310501,5124,Engineering,Engineering,NO
13,480703,2389,Marketing,Marketing,PENDING
14,110901,0084,Legal,Legal,PENDING
15,220301,97,Sales,Sales,YES
16,310505,5124,Marketing,Marketing,PENDING
17,510904,2389,Marketing,Marketing,YES
18,150506,0084,Services,Services,YES
19,150101,97,Research and Development,Research and Development,NO
20,520302,5124,Accounting,Accounting,PENDING
21,450702,2389,Sales,Sales,PENDING
22,513902,0084,Product Management,Product Management,NO
23,120407,97,Product Management,Product Management,NO
24,460303,5124,Human Resources,Human Resources,PENDING
25,460408,2389,Business Development,Business Development,PENDING
26,151302,0084,Accounting,Accounting,YES
27,520302,97,Engineering,Engineering,PENDING
28,460415,5124,Human Resources,Human Resources,YES
29,510904,2389,Accounting,Accounting,NO
30,151302,0084,Legal,Legal,YES
31,190709,97,Training,Training,YES
32,150903,5124,Accounting,Accounting,YES
33,511009,2389,Accounting,Accounting,NO
34,090401,0084,Product Management,Product Management,YES
35,500913,97,Legal,Legal,NO
36,511009,5124,Product Management,Product Management,YES
37,110901,2389,Sales,Sales,NO
38,150506,0084,Product Management,Product Management,PENDING
39,521601,97,Engineering,Engineering,YES
40,110901,5124,Product Management,Product Management,NO
41,240101,2389,Research and Development,Research and Development,PENDING
42,460201,0084,Human Resources,Human Resources,NO
43,010608,97,Sales,Sales,YES
44,150101,5124,Human Resources,Human Resources,NO
45,460302,2389,Business Development,Business Development,NO
46,512602,0084,Training,Training,PENDING
47,090401,97,Business Development,Business Development,NO
48,110901,5124,Sales,Sales,PENDING
49,110101,2389,Services,Services,NO
50,460406,0084,Support,Support,PENDING
51,513902,97,Marketing,Marketing,PENDING
52,310501,5124,Marketing,Marketing,YES
53,510904,2389,Legal,Legal,YES
54,120401,0084,Human Resources,Human Resources,PENDING
55,469999,97,Research and Development,Research and Development,NO
56,500411,5124,Human Resources,Human Resources,NO
57,110901,2389,Sales,Sales,PENDING
58,470103,0084,Product Management,Product Management,YES
59,511009,97,Engineering,Engineering,PENDING
60,460412,5124,Services,Services,YES
61,310501,2389,Training,Training,YES
62,090401,0084,Research and Development,Research and Development,YES
63,151302,97,Business Development,Business Development,NO
64,110901,5124,Services,Services,YES
65,513902,2389,Research and Development,Research and Development,YES
66,500913,0084,Training,Training,YES
67,512602,97,Services,Services,YES
68,120402,5124,Product Management,Product Management,YES
69,190902,2389,Legal,Legal,PENDING
70,490102,0084,Training,Training,NO
71,460399,97,Product Management,Product Management,YES
72,480509,5124,Training,Training,YES
73,511009,2389,Services,Services,PENDING
74,460412,0084,Support,Support,YES
75,510805,97,Marketing,Marketing,NO
76,190902,5124,Services,Services,PENDING
77,512602,2389,Accounting,Accounting,PENDING
78,240101,0084,Training,Training,PENDING
79,520302,97,Product Management,Product Management,PENDING
80,190709,5124,Human Resources,Human Resources,NO
81,120401,2389,Research and Development,Research and Development,NO
82,490102,0084,Marketing,Marketing,YES
83,190708,97,Human Resources,Human Resources,PENDING
84,010608,5124,Services,Services,PENDING
85,513902,2389,Sales,Sales,YES
86,521803,0084,Engineering,Engineering,YES
87,460101,97,Business Development,Business Development,PENDING
88,090401,5124,Marketing,Marketing,PENDING
89,460399,2389,Legal,Legal,PENDING
90,150101,0084,Research and Development,Research and Development,YES
91,120504,97,Engineering,Engineering,YES
92,510904,5124,Business Development,Business Development,YES
93,470199,2389,Marketing,Marketing,YES
94,110901,0084,Product Management,Product Management,PENDING
95,460412,97,Sales,Sales,NO
96,150305,5124,Marketing,Marketing,YES
97,190902,2389,Support,Support,NO
98,460502,0084,Human Resources,Human Resources,YES
99,520302,97,Accounting,Accounting,YES
100,010608,5124,Training,Training,NO
