id,organization_id,program_id,name,description,email,url,status,fees
1,2389,1,Attendance Certificate in Sales,reinvent 24/365 vortals,ofreeburn0@japanpost.jp,https://nih.gov,Deferred,$16204.60
2,0084,2,Bachelors Degree in Research and Development,utilize strategic e-markets,dranscombe1@topsy.com,https://hp.com,Discontinued,$2015.88
3,97,3,Attendance Certificate in Services,aggregate compelling systems,ahallowes2@cam.ac.uk,http://dell.com,Open,$23795.40
4,5124,4,Associate Degree in Training,envisioneer bleeding-edge ROI,dbrachell3@google.com.hk,https://hugedomains.com,Discontinued,$2150.03
5,2389,5,Bachelors Degree in Training,leverage bricks-and-clicks metrics,dmcilhone4@shareasale.com,http://newyorker.com,Discontinued,$5504.48
6,0084,6,Attendance Certificate in Sales,cultivate vertical experiences,awraxall5@so-net.ne.jp,http://pinterest.com,Open,$11219.96
7,97,7,Apprenticeship Certificate in Product Management,drive rich content,mnarrie6@telegraph.co.uk,https://twitter.com,Deferred,$20479.17
8,5124,8,Attendance Certificate in Business Development,exploit distributed e-business,mforrestor7@techcrunch.com,https://bing.com,Discontinued,$28159.02
9,2389,9,Apprenticeship Certificate in Marketing,reintermediate open-source relationships,fskellion8@salon.com,http://hp.com,Discontinued,$22777.63
10,0084,10,Associate Degree in Legal,strategize open-source portals,tlaimable9@paypal.com,https://arizona.edu,Deferred,$549.79
11,97,11,Bachelors Degree in Human Resources,reinvent frictionless metrics,cwitchallsa@statcounter.com,https://nsw.gov.au,Discontinued,$991.59
12,5124,12,Attendance Certificate in Engineering,morph robust action-items,scolloffb@nih.gov,http://printfriendly.com,Open,$23570.76
13,2389,13,Bachelors Degree in Marketing,productize enterprise infrastructures,egallonc@yellowbook.com,http://gizmodo.com,Discontinued,$15874.73
14,0084,14,Associate Degree in Legal,whiteboard 24/365 web services,eeasthamd@tamu.edu,http://list-manage.com,Discontinued,$19155.61
15,97,15,Bachelors Degree in Sales,transform turn-key channels,afulke@blog.com,https://seattletimes.com,Discontinued,$12118.52
16,5124,16,Bachelors Degree in Marketing,architect transparent bandwidth,kshevelsf@elegantthemes.com,https://goodreads.com,Discontinued,$27578.42
17,2389,17,Attendance Certificate in Marketing,expedite cutting-edge methodologies,mbackshellg@apple.com,http://sina.com.cn,Open,$21263.65
18,0084,18,Apprenticeship Certificate in Services,deploy killer infomediaries,kdennanth@nymag.com,https://dell.com,Deferred,$21462.92
19,97,19,Bachelors Degree in Research and Development,architect holistic mindshare,aporteri@360.cn,http://sina.com.cn,Deferred,$26356.81
20,5124,20,Associate Degree in Accounting,scale wireless e-business,mchatersj@state.tx.us,http://wordpress.com,Deferred,$14145.05
21,2389,21,Attendance Certificate in Sales,benchmark holistic vortals,nsydallk@skype.com,https://youtu.be,Open,$28411.71
22,0084,22,Attendance Certificate in Product Management,iterate robust e-commerce,twoolensl@a8.net,https://icio.us,Open,$10573.53
23,97,23,Attendance Certificate in Product Management,benchmark global metrics,ejackm@google.de,https://stumbleupon.com,Discontinued,$3684.46
24,5124,24,Bachelors Degree in Human Resources,aggregate rich vortals,tleddyn@livejournal.com,https://ibm.com,Deferred,$25491.99
25,2389,25,Bachelors Degree in Business Development,innovate impactful ROI,dhaddicko@squarespace.com,https://oakley.com,Open,$21448.35
26,0084,26,Apprenticeship Certificate in Accounting,synergize dynamic e-tailers,tconringp@sun.com,https://wiley.com,Discontinued,$17144.56
27,97,27,Attendance Certificate in Engineering,reintermediate interactive communities,dburghillq@ted.com,https://europa.eu,Discontinued,$13615.94
28,5124,28,Attendance Certificate in Human Resources,leverage efficient relationships,atruettr@icq.com,https://sun.com,Open,$564.14
29,2389,29,Attendance Certificate in Accounting,monetize e-business architectures,cghiottos@japanpost.jp,http://angelfire.com,Open,$6032.41
30,0084,30,Associate Degree in Legal,implement magnetic methodologies,lfarncombt@house.gov,http://issuu.com,Open,$24773.53
31,97,31,Bachelors Degree in Training,transform e-business partnerships,chansardu@yellowpages.com,http://google.com.br,Deferred,$5831.14
32,5124,32,Attendance Certificate in Accounting,architect open-source eyeballs,dmillingtonv@home.pl,https://ucoz.ru,Open,$17797.75
33,2389,33,Associate Degree in Accounting,synergize rich portals,jmariottew@abc.net.au,https://themeforest.net,Deferred,$19571.47
34,0084,34,Apprenticeship Certificate in Product Management,disintermediate integrated experiences,dpostlex@uiuc.edu,https://sina.com.cn,Open,$27195.66
35,97,35,Bachelors Degree in Legal,generate customized infomediaries,sviely@ow.ly,https://google.es,Deferred,$4250.86
36,5124,36,Apprenticeship Certificate in Product Management,empower transparent systems,ahillanz@hud.gov,https://bizjournals.com,Discontinued,$2463.09
37,2389,37,Apprenticeship Certificate in Sales,leverage viral functionalities,cchasle10@t-online.de,https://cyberchimps.com,Open,$22340.99
38,0084,38,Apprenticeship Certificate in Product Management,whiteboard 24/7 supply-chains,pwasteney11@biglobe.ne.jp,http://booking.com,Open,$12530.10
39,97,39,Apprenticeship Certificate in Engineering,brand open-source eyeballs,zsteggals12@globo.com,http://cornell.edu,Discontinued,$8521.31
40,5124,40,Bachelors Degree in Product Management,recontextualize customized communities,lvossgen13@wiley.com,https://mapy.cz,Deferred,$3129.51
41,2389,41,Associate Degree in Research and Development,morph collaborative bandwidth,fmarmon14@paginegialle.it,http://amazon.co.uk,Discontinued,$1423.02
42,0084,42,Attendance Certificate in Human Resources,matrix global schemas,ckinloch15@blinklist.com,http://sourceforge.net,Discontinued,$16850.18
43,97,43,Apprenticeship Certificate in Sales,integrate strategic solutions,jboutcher16@eepurl.com,http://flavors.me,Deferred,$22350.22
44,5124,44,Bachelors Degree in Human Resources,maximize cross-media initiatives,jrogeron17@purevolume.com,http://xrea.com,Open,$524.55
45,2389,45,Apprenticeship Certificate in Business Development,extend frictionless action-items,tpostlethwaite18@tinyurl.com,http://miibeian.gov.cn,Open,$10009.89
46,0084,46,Bachelors Degree in Training,generate compelling networks,sroelofs19@examiner.com,http://redcross.org,Open,$12040.70
47,97,47,Associate Degree in Business Development,aggregate visionary e-business,lcoling1a@umn.edu,http://craigslist.org,Open,$15211.64
48,5124,48,Bachelors Degree in Sales,enable world-class content,dbernat1b@pagesperso-orange.fr,http://adobe.com,Discontinued,$15518.88
49,2389,49,Attendance Certificate in Services,generate proactive e-commerce,ekovnot1c@google.pl,https://reuters.com,Open,$7623.47
50,0084,50,Apprenticeship Certificate in Support,productize cross-media architectures,ktaks1d@state.gov,http://boston.com,Open,$17334.62
51,97,51,Apprenticeship Certificate in Marketing,transform killer platforms,trawlings1e@ehow.com,https://indiatimes.com,Discontinued,$19795.58
52,5124,52,Apprenticeship Certificate in Marketing,e-enable e-business mindshare,dcrippes1f@bizjournals.com,http://huffingtonpost.com,Discontinued,$15412.51
53,2389,53,Associate Degree in Legal,orchestrate e-business networks,silyasov1g@opensource.org,http://mapy.cz,Discontinued,$7004.22
54,0084,54,Bachelors Degree in Human Resources,transition plug-and-play portals,csteuhlmeyer1h@theguardian.com,http://mysql.com,Open,$18260.08
55,97,55,Associate Degree in Research and Development,engineer rich action-items,kchinnock1i@blinklist.com,https://amazon.de,Open,$18596.67
56,5124,56,Associate Degree in Human Resources,optimize revolutionary solutions,creagan1j@intel.com,https://timesonline.co.uk,Open,$22914.55
57,2389,57,Bachelors Degree in Sales,benchmark viral content,baubin1k@shareasale.com,https://sbwire.com,Deferred,$2268.65
58,0084,58,Attendance Certificate in Product Management,revolutionize back-end paradigms,smitford1l@nymag.com,http://devhub.com,Deferred,$29695.01
59,97,59,Associate Degree in Engineering,transition world-class e-services,tkirkham1m@buzzfeed.com,https://so-net.ne.jp,Deferred,$27188.45
60,5124,60,Attendance Certificate in Services,repurpose robust platforms,kgorrissen1n@constantcontact.com,https://sitemeter.com,Deferred,$22634.81
61,2389,61,Associate Degree in Training,synthesize enterprise networks,cedmunds1o@i2i.jp,http://ifeng.com,Open,$1854.05
62,0084,62,Attendance Certificate in Research and Development,generate seamless markets,bhotchkin1p@zdnet.com,https://amazon.co.jp,Open,$28513.61
63,97,63,Bachelors Degree in Business Development,leverage 24/7 vortals,kgirardoni1q@nbcnews.com,https://over-blog.com,Open,$9479.90
64,5124,64,Attendance Certificate in Services,recontextualize bleeding-edge channels,bmont1r@bluehost.com,http://youku.com,Discontinued,$18628.31
65,2389,65,Apprenticeship Certificate in Research and Development,benchmark frictionless partnerships,khowcroft1s@addtoany.com,http://loc.gov,Discontinued,$19765.83
66,0084,66,Apprenticeship Certificate in Training,extend transparent e-commerce,btortis1t@t.co,http://nbcnews.com,Deferred,$17300.49
67,97,67,Associate Degree in Services,embrace global channels,astygall1u@fastcompany.com,http://bravesites.com,Discontinued,$15369.14
68,5124,68,Apprenticeship Certificate in Product Management,engineer magnetic web services,lfeavearyear1v@pen.io,http://opensource.org,Open,$14607.67
69,2389,69,Bachelors Degree in Legal,optimize world-class users,dpidgeon1w@chicagotribune.com,http://purevolume.com,Deferred,$1014.82
70,0084,70,Apprenticeship Certificate in Training,revolutionize enterprise deliverables,dhartup1x@smugmug.com,https://nifty.com,Discontinued,$15198.03
71,97,71,Bachelors Degree in Product Management,brand proactive communities,ggrimoldby1y@admin.ch,http://flickr.com,Open,$10236.93
72,5124,72,Bachelors Degree in Training,integrate user-centric synergies,tlidgertwood1z@infoseek.co.jp,http://wix.com,Deferred,$27644.63
73,2389,73,Associate Degree in Services,redefine intuitive web-readiness,dbranchflower20@umich.edu,http://booking.com,Discontinued,$12565.18
74,0084,74,Attendance Certificate in Support,reintermediate intuitive infrastructures,mhowkins21@amazon.com,https://liveinternet.ru,Deferred,$22192.66
75,97,75,Bachelors Degree in Marketing,implement value-added users,mjewel22@dailymotion.com,https://twitpic.com,Deferred,$556.22
76,5124,76,Bachelors Degree in Services,innovate ubiquitous ROI,ystare23@prnewswire.com,https://digg.com,Open,$13748.01
77,2389,77,Apprenticeship Certificate in Accounting,grow frictionless e-business,gwoodage24@sohu.com,https://slashdot.org,Discontinued,$13561.43
78,0084,78,Bachelors Degree in Training,scale impactful infomediaries,mcraigg25@woothemes.com,https://privacy.gov.au,Open,$3935.24
79,97,79,Associate Degree in Product Management,recontextualize bleeding-edge e-tailers,mtattersdill26@skyrock.com,https://nifty.com,Deferred,$29343.25
80,5124,80,Associate Degree in Human Resources,benchmark best-of-breed eyeballs,lsainer27@purevolume.com,http://businessweek.com,Open,$28630.12
81,2389,81,Attendance Certificate in Research and Development,engage cross-media experiences,pthrussell28@psu.edu,https://google.com.hk,Deferred,$28285.60
82,0084,82,Associate Degree in Marketing,mesh transparent initiatives,gdadd29@csmonitor.com,https://cyberchimps.com,Discontinued,$17619.96
83,97,83,Apprenticeship Certificate in Human Resources,visualize synergistic technologies,shuyton2a@state.gov,http://wordpress.org,Discontinued,$27215.97
84,5124,84,Associate Degree in Services,brand efficient channels,gcreswell2b@pen.io,http://etsy.com,Deferred,$1451.42
85,2389,85,Attendance Certificate in Sales,engage interactive architectures,gsiggers2c@webmd.com,https://eepurl.com,Discontinued,$23473.92
86,0084,86,Apprenticeship Certificate in Engineering,visualize transparent bandwidth,gwilcher2d@cornell.edu,https://house.gov,Open,$4207.50
87,97,87,Bachelors Degree in Business Development,iterate killer web services,aroote2e@youku.com,https://sfgate.com,Discontinued,$11522.57
88,5124,88,Apprenticeship Certificate in Marketing,synthesize cross-platform infrastructures,drockliffe2f@networkadvertising.org,http://gmpg.org,Discontinued,$9133.23
89,2389,89,Bachelors Degree in Legal,syndicate wireless vortals,ybartak2g@163.com,https://go.com,Deferred,$29660.13
90,0084,90,Apprenticeship Certificate in Research and Development,innovate impactful communities,jmcnutt2h@stumbleupon.com,http://dion.ne.jp,Discontinued,$6004.28
91,97,91,Apprenticeship Certificate in Engineering,repurpose 24/7 solutions,nca2i@lulu.com,http://studiopress.com,Deferred,$5400.13
92,5124,92,Apprenticeship Certificate in Business Development,monetize next-generation web services,hpaquet2j@google.ru,https://plala.or.jp,Discontinued,$6363.88
93,2389,93,Associate Degree in Marketing,deploy web-enabled models,fanan2k@gov.uk,http://globo.com,Deferred,$12401.39
94,0084,94,Bachelors Degree in Product Management,facilitate B2B partnerships,ndeare2l@sun.com,http://hubpages.com,Discontinued,$2113.33
95,97,95,Attendance Certificate in Sales,integrate dot-com solutions,ctoolin2m@elpais.com,http://goo.gl,Deferred,$6888.96
96,5124,96,Associate Degree in Marketing,optimize value-added infomediaries,hvannuccinii2n@goo.ne.jp,http://europa.eu,Deferred,$14208.01
97,2389,97,Associate Degree in Support,grow value-added e-business,csumnall2o@stanford.edu,http://ifeng.com,Open,$16816.96
98,0084,98,Associate Degree in Human Resources,seize synergistic infomediaries,calessandone2p@howstuffworks.com,http://wikia.com,Open,$7729.60
99,97,99,Attendance Certificate in Accounting,deliver innovative partnerships,bcrichley2q@webeden.co.uk,https://joomla.org,Open,$22035.14
100,5124,100,Attendance Certificate in Training,implement extensible e-markets,ncaskie2r@foxnews.com,http://archive.org,Deferred,$20028.17
